ticker,company,segment,quarter,seismos_relevance,seismos_relevance_reason,strategy_summary,capex_guidance,production_guidance,basin_focus,technology_mentions,completions_strategy,service_provider_mentions,efficiency_metrics,notable_quote,data_quality
ACDC,ProFrac Holdings,Pumper / Completion Services,Q3 2025,High,Explicitly named Seismos as strategic partner. CLF deployed in supervised and unsupervised modes. ProPilot 2.0 surface automation integrates with real-time downhole data.,"ProFrac is navigating a soft North American completions market with fleet counts in the low-20s active, focused on technology differentiation through ProPilot 2.0 automation and the newly announced Seismos strategic partnership for closed-loop fracturing. A $100M cost savings program is underway alongside e-frac and dual-fuel fleet expansion.",$160-190M for full-year 2025,,Permian Basin | Eagle Ford | Haynesville | Appalachia,ProPilot 2.0 surface automation | Seismos closed-loop fracturing | E-frac fleets | Dual-fuel fleets | Real-time downhole performance auditing,ProPilot 2.0 handles surface automation while Seismos provides subsurface intelligence in two modes: supervised (real-time decision-making with operator) and unsupervised (fully automated adjustments). Seismos described as 'independent auditor for downhole performance.' Combined offering positions ProFrac for closed-loop fracturing differentiation in a commoditizing market.,Seismos | Halliburton,,"Seismos acts as an independent auditor for downhole performance, introducing closed-loop fracturing capabilities that represent the next evolution in completion solutions.",
HAL,Halliburton Company,OFS-Completions,Q4 2025,High,Zeus IQ is a direct competitor to Seismos CLF. 8% QoQ adoption increase signals accelerating market acceptance of real-time completions intelligence.,"Halliburton is leaning into completions technology differentiation through Zeus IQ (real-time automated completions platform), e-frac adoption, and international expansion. North America revenue pressure offset by technology premium and international growth.",$1.6-1.8B,N/A,Permian | Eagle Ford | Middle East | Latin America,Zeus IQ | e-frac | automated completions | real-time optimization | iCruise,Zeus IQ automated completions platform saw 8% QoQ adoption increase. Pushing real-time completions intelligence as a differentiation lever against Liberty and ProFrac.,,Zeus IQ customers see 15-20% improvement in stage efficiency,Zeus IQ represents the future of completions optimization,Search summary
LBRT,Liberty Energy,Pumper / Completion Services,Q4 2025,High,Launched Atlas IQ completions intelligence platform in Q4 2025. DigiFleets electric frac transition. Direct competitor to Seismos CLF value proposition.,"Liberty Energy delivered resilient 2025 results ($4.0B revenue, $634M adj EBITDA) and is pivoting aggressively into distributed power (LPI) targeting 3 GW by 2029. Core completions business faces mid-single-digit pricing pressure in 2026 with flat revenue guidance. Technology differentiation via Atlas/Atlas IQ completions intelligence platform and digiFleet automation.",~$250M completions capex in 2026; $275-350M power equipment deposits + $450-550M project capex (project-financed),,North America broad | Texas | Louisiana,Atlas cloud-based completions data | Atlas IQ AI-powered assistant with | DigiFleets (electric fracturing) | DigiTechnologies transition | AI-driven asset optimization software,"Continuous operations, multi-frac jobs, automation, and transparency cited as 'flight to quality' differentiators as lower-tier competition exits. Atlas IQ provides real-time operational data and AI-powered insights to completion crews. 14% reduction in maintenance costs per unit of work achieved via AI optimization. Building 3-4 additional digiFleets in 2026.",ProFrac (competitive context) | Vantage Data Centers,,"Fewer crews are available to meet any incremental completions demand — a flight to quality favoring providers that can deliver multi-frac jobs, continuous operations, and automation and transparency.",
MGY,Magnolia Oil & Gas Corp,Operator,Q4 2025,High,Eagle Ford operator achieving 8% drilling and 6% completion efficiency improvements. Active completions optimization program makes them a potential CLF adopter.,"Magnolia delivered 11% production growth to ~100,000 BOE/d in 2025 with field-level cash operating costs down 7% to $5.12/BOE, generating $425M+ FCF of which ~75% was returned to shareholders. Giddings (Eagle Ford) drilling efficiency improved 8% in drilled feet per day and 6% in completed feet per day, with well costs trending toward ~$1,000/ft from ~$1,100/ft. 2026 guidance targets ~5% production growth with flat D&C capital of $440-480M, remaining completely unhedged.",$440-480M D&C and facility capital 2026; ~$125M Q1 2026 (highest quarterly rate); no additional rigs planned,,Eagle Ford | Giddings,Completion efficiency optimization | Horizontal drilling | Multi-stage completions,"Multi-stage horizontal completions in Eagle Ford/Giddings; 8,000-8,500 ft typical lateral length; well cost optimization toward $1,000/ft; consistency with same rigs/crews/equipment over multi-year periods cited as key to efficiency; completion deferrals in H1 2025 enabled by strong early productivity",Service costs described as,,8% increase in drilled feet per day and 6% improvement in completed feet per day during 2025,
OVV,Ovintiv,E&P Operator,Q4 2025,High,"Running in-house ""real-time frac optimization with proprietary algorithms"" — an internal CLF analog. Drive Center AI platform for drilling. Could be converted to Seismos CLF.","Ovintiv is executing a $2.3B capital program focused on Permian and Montney after divesting Anadarko assets. Company is achieving step-change completions efficiency through continuous pumping (7-day straight runs), real-time frac optimization algorithms, and surfactant adoption (300 Permian wells, 9% oil productivity uplift). Well costs targeting <$600/ft Permian and <$500/ft Montney.","$2.3B total 2026; <$600/ft Permian, <$500/ft Montney target",,Permian Basin | Montney (Canada) | Anadarko (divested),Real-time frac optimization with | Continuous pumping | Surfactants | Drive Center AI platform for drilling | Automated drilling,"Continuous pumping is a central focus — achieved 20% improvement in completed feet per day, averaging 4,250 ft/day with 7-day straight runs. Proprietary real-time frac optimization algorithms adjust treatment parameters during pumping. Surfactants credited for half of type curve improvement since 2022. Ovintiv explicitly owns its frac optimization IP internally.",Halliburton | unnamed pumpers,,"We achieved a seven-day continuous pumping run and a 20% improvement in completed feet per day, driven by real-time frac optimization using proprietary algorithms.",
PR,Permian Resources Corporation,Operator,Q4 2025,High,Pure-play Delaware Basin operator actively pushing completions technology boundaries with simul-frac optimization and 20% YoY completion efficiency gains. Experimenting with well intervention techniques. Heavy focus on D&C cost reduction and completion speed optimization aligns directly with CLF value proposition. Scale of operations (415K BOE/d) and tech-forward culture make PR a strong Seismos prospect.,"Permian Resources is driving aggressive D&C cost reductions and completions efficiency gains through simul-frac optimization in the Delaware Basin. The company reduced D&C cost to $700/ft and targets $675/ft in 2026, while acquiring more inventory than drilled for the third consecutive year and growing production 5% with lower capex.","$1.85B total ($1.45B D&C, $400M non-D&C), down $120M YoY","415,000 BOE/d total, 189,000 Bopd oil (5% growth)",Delaware Basin,Simul-frac | Surfactant optimization | Extended laterals,"Increased completed lateral feet per day by 20% YoY through simul-frac efficiency improvements. Drilling 2-mile wells in ~13 days spud-to-rig release. Average lateral length of 11,000 ft in 2026 with longest lateral at ~17,000 ft. Experimenting with surfactants and acids on existing producing wells with mixed results - some wells showing double or triple production rates.",,"D&C cost per foot: $700 (Q4 2024) targeting $675 (2026), ~20% reduction vs 2024. Drilling feet per day up 6% YoY. Completed lateral feet per day up 20% YoY. 2-mile wells: ~13 days spud-to-rig release. LOE: $5.26/BOE, cash G&A: $0.80/BOE, GP&T: $1.18/BOE.",There is more juice to squeeze on the cost side...on the drilling side.,Full transcript
PUMP,ProPetro Holding Corp.,OFS-Pumper,Q4 2025,High,FORCE electric frac fleets (5 active). Direct-drive gas frac pilots. Fleet automation investment. Permian-only pumper with technology differentiation strategy.,"ProPetro navigated a contracting Permian frac market (~70 active fleets vs prior 90-100) by generating strong Q4 FCF from its completions business and pivoting growth capital toward PROPWR, its power generation business targeting 1 GW by 2030. The company is investing in fleet automation technology, FORCE electric frac fleet buyouts, and direct-drive gas frac units, while maintaining pricing discipline and keeping majority of fleets under contract. PROPWR has 240 MW committed and 550 MW on order including a data center contract.",2026 total CapEx $390-435M; completions $140-160M (incl. FORCE lease buyouts $40-50M); PROPWR $250-275M,,Permian Basin,FORCE electric frac fleets | Tier IV DGB fleets | Direct-drive gas frac | PROPWR power solutions | Wireline services,Maintaining ~11 active frac fleets Q1 2026 (down from Permian peak); majority under contract for stability; refurbishing Tier IV DGB fleet; adding direct-drive gas units selectively; fleet automation upgrades for customer fine-tuning and internal predictive maintenance; pricing discipline — will not run at subeconomic rates,Caterpillar Financial Services,,Fleet automation technology investment allows customers to fine-tune completions programs at the highest level,
TCW,Trican Well Service,OFS - Pumper (Canada pressure pumping),Q4 2025,High,Leading Canadian pumper deploying first 100% natural gas frac fleet (Cat 3520). Only provider with full electric ancillary suite in WCSB. Technology-forward pumper.,"Trican delivered strong Q4 results (CAD $322.7M revenue, 23% EBITDA) driven by Iron Horse acquisition and a 70/30 gas/oil work mix. The company is differentiating as the only Canadian basin provider offering a 'full suite' of electric assets on location, investing CAD $40M in 100% natural gas Caterpillar 3520 frac pumpers (first units received, field deployment Q2 2026, 10-pump spread by fall), and is 'incredibly bullish' on Montney/Duvernay driven by LNG export capacity growth.",CAD $120M 2026 capital program (~50% expansion including ~CAD $40M natural gas frac fleet); maintenance ~CAD $60M,,Montney | Duvernay | Cardium,Natural gas frac pumpers | Electric ancillary frac equipment | Cat 3520 engines,Deep frac differentiation via natural gas pumping and full electric ancillary suite; demand for electric assets exceeds supply; trends toward longer wells and higher sand volumes; growing logistics business as customer-supplied sand increases; cementing expansion into SAGD (Christina Lake) market; coil tubing setting depth/horizontal records in Montney/Duvernay,Caterpillar,,Only provider in the basin offering a full suite of electric assets on frac location,
APA,APA Corporation,Operator,Q4 2025,Medium,Permian operator driving D&C costs to $595/ft Midland. Completions efficiency focus but no advanced frac tech discussion.,"APA exceeded cost reduction targets, generating $1B+ FCF in 2025 with net debt below $4B, and expects to exit 2026 at a $450M controllable spend run-rate. The Permian is APA's foundational asset with ~450k net acres; 2026 capital of $1.3B targets flat Permian oil production at 120-122k bpd while D&C costs improved to $595/lateral foot (Midland) and $750/lateral foot (Delaware). Suriname GranMorgu targets mid-2028 first oil with $230M of 2026 capital.",$1.3B U.S. 2026 capital (~$1.2B Permian D&C + $100M base capital); ~$230M Suriname GranMorgu; ~$70M exploration; total 2026 capex not explicitly stated but ~$1.6B implied,,Permian Basin | Egypt | Suriname,D&C cost reductions | Artificial lift | Compression optimization,D&C cost discipline with Midland at $595/lateral foot (periods under $500); Delaware at $750/ft (some under $700 shallow); 4-well appraisal test in shallow Delaware (Avalon/Bone Spring) late 2026; 2026 program holds Permian oil flat at 120-122k bpd; technical upside inventory conversion via delineation,No specific service providers,,We see a clear line of sight to incremental free cash flow from Suriname beginning in 2028,
AR,Antero Resources Corporation,Operator,Q4 2025,Medium,"Active completions operator setting frac efficiency records and focused on optimizing completion designs for HG Energy acreage. Emphasis on bigger completions and wider spacing. However, no specific mentions of CLF, acoustic sensing, real-time frac monitoring, or digital completions technologies.","Antero is pursuing aggressive production growth from 3.4 to 4.1 Bcfe/d in 2026, driven by the HG Energy acquisition that added 385,000 net acres and 400+ drilling locations. The company reduced its cost structure by ~10% and is positioning for $3+ gas pricing with flexible growth capital that can be deferred or accelerated based on market conditions.","~$1B D&C capital (maintenance ~$900M, up to $200M discretionary growth)","4.1 Bcfe/d in 2026, targeting 4.3-4.5 Bcfe/d in 2027",Appalachia | Marcellus,extended lateral lengths | stages per day records,"Record 19 stages/day on single crew in Q4 2025; company-wide average over 14 stages/day, up 8% YoY. Running 3 rigs and 2 completion crews described as most capital-efficient configuration. HG Energy acreage enables bigger pads, wider spacing, and bigger completions with better recoveries. Average lateral length increasing to 15,000 ft from 13,000 ft driven by HG acreage. Drilling days below 5 per 10,000 ft, improving 4% from 2024.",,"Record 19 stages/day (single crew), 14+ stages/day company-wide (up 8% YoY). Drilling days <5 per 10,000 ft (4% improvement). Cash costs reduced ~10% ($0.25 improvement). Adjusted EBITDAX $422.1M in Q4, up 27% YoY. $750M+ FCF for full year 2025.","We set numerous company records in 2025, including a record 19 stages per day on a single completion crew in Q4.",Search summary
BKV,BKV Corporation,Operator - Gas (Barnett/NEPA),Q4 2025,Medium,Barnett/Appalachia gas operator with AI operations platform and active refrac program. Power generation pivot.,"BKV delivered 8% exit-to-exit organic production growth in its first full public year, setting internal completions efficiency records above 22 HP-hours/day and lowering D&C costs to $545/ft - peer-leading for gas. Strategy centers on a 'closed-loop' upstream/power/CCUS platform targeting hyperscaler PPAs from its 1.5 GW Temple gas plant. Barnett refracs and POW (positive offset well) production management are key differentiators.",$410-$560M gross 2026 capex; $240M upstream development; $135M strategic power capital,,Barnett Shale | Appalachia,AI operations | Power generation assets,Disciplined multi-stage completions with efficiency records; active refrac program on Bedrock DUCs; focus on POW production uplift (~22% above type curve through 150 days); Upper Barnett appraisal wells planned for 2026,None named,,We set multiple internal records above 22 horsepower-hours per day,
BP,BP p.l.c.,Major,Q4 2025,Medium,BPX achieving 20% completion time improvement — 8-rig program equals prior 10-rig output. Geo-steering long undulating laterals.,"BP executed a turnaround in 2025 with $2B in structural cost reductions, 7 major project startups, and record plant reliability above 96%, while suspending buybacks to accelerate balance sheet repair targeting $14-18B net debt by 2027. BPX Lower 48 achieved 20% improvement in completion time and 9% improvement in drilling time, representing significant capital productivity gains. AI and digital twins are deployed for real-time reservoir/wells/facilities monitoring across operations.",$13-13.5B organic CapEx 2026 (low end of prior guidance range); 2026 production ~2.3 MMboe/d broadly flat,,Permian | Eagle Ford | Gulf of Mexico,Dynamic scheduling | Digital operations,"BPX 20% improvement in completion time enabling 8-rig equivalent of prior 10-rig program; geo-steering long undulating horizontals; 3/4 of wells in top or second quartile; first/second quartile focus in Permian, Eagle Ford, Haynesville",Transocean,,"20% improvement in completion time, 9% improvement in drilling time",
CHRD,Chord Energy Corporation,Operator,Q4 2025,Medium,"Actively trialing completions innovations including surfactant treatments and alternative well geometries. Early adopter mentality on technology when results merit. However, Bakken-focused with limited Permian exposure and only one full-time frac crew limits near-term CLF opportunity.","Chord is executing a low-to-no oil growth strategy focused on free cash flow maximization and capital efficiency in the Bakken. The company converted 80% of inventory to long laterals ahead of schedule, reducing weighted average breakeven by over 10%, and is trialing surfactant/chemical treatments to enhance well performance.",$1.4B (2026),"157,000-161,000 Bopd oil (flat/maintenance mode)",Williston Basin (Bakken),surfactant and chemical treatments | alternative well geometries | long lateral conversion,One full-time frac crew with spot crew releasing mid-summer. Five drilling rigs balanced between 3-mile and 4-mile laterals. Approximately 80% of TILs expected to be longer laterals. Actively trialing 19 surfactant and chemical treatments to enhance well performance and evaluating alternative well geometries.,,F&D costs declined 22% over several years. Weighted average breakeven fell >10% in 2025. Capital spending $60M below plan in 2025. Marketing/midstream savings of $30-50M annual run-rate. $160M total FCF improvement from controllable factors in 2025.,"We have pumped 19 chemical and surfactant treatments already, and we are evaluating those results.",Full transcript
CLB,Core Laboratories Inc.,OFS-Diagnostics,Q4 2025,Medium,"Core Laboratories is adjacent to Seismos in the frac diagnostics space - their SpectraStim proppant tracers and Trimmer Frac Diagnostics directly evaluate completion effectiveness, the same outcome CLF/acoustic sensing targets. They are a potential competitor in diagnostics-as-a-service for operators evaluating completions. However, Core's approach is post-job chemical/tracer-based while Seismos provides real-time acoustic monitoring during pumping - making them potentially complementary rather than purely competitive. Worth monitoring as a partnership or competitive reference.","Core Laboratories delivered 7% YoY revenue growth to $138.3M in Q4 2025, driven by strong demand for completion diagnostic services across US onshore and offshore markets despite missing EPS forecasts. The company is expanding its proprietary SpectraStim proppant tracer diagnostics for evaluating plugless completion designs and diverter-based stage isolation, while the Pulverizer plug-and-abandonment system won a global innovation award. Management maintained its three financial tenets: maximize free cash flow, maximize ROIC, and return excess cash to shareholders.","$15-$18 million for 2026 (excluding UK facility rebuild, which is insurance-covered); 2-4% of revenue",Q1 2026 revenue guidance: $124-$130 million; operating income $9.7-$12.2 million (~9% margin); EPS $0.11-$0.15,US onshore (multiple basins) | Middle East | Asia Pacific | Offshore global,SpectraStim proppant tracer diagnostics | Pulverizer plug-and-abandonment system | Trimmer Frac Diagnostics | limited-entry perforation evaluation | diverter-based stage isolation,"Strong demand for proprietary completion diagnostic services across US onshore and offshore markets. SpectraStim deployed to evaluate plugless completion designs using diverter-based stage isolation, confirming stimulation effectiveness across multi-stage laterals. Trimmer Frac Diagnostics supporting complex US land completion designs with limited-entry perforations and extended lateral lengths. Production Enhancement segment revenue $46M (up 8% YoY) despite sequential margin compression from Asia Pacific receivable provision.",,"Service revenue $107M (up 6% sequentially, up 11% YoY); Production Enhancement margins 7% Q4 vs 11% Q3; net debt reduced to $90.2M (leverage ratio 1.09); net debt reduced $205.8M (70%) since Q4 2019; tariff headwind $0.02-$0.03/share per quarter",Core deployed its proprietary SpectraStim proppant tracer diagnostics to assess diverter-based stage isolation and to verify stimulation effectiveness across the multiple stage laterals.,Search summary
COP,ConocoPhillips,Operator,Q4 2025,Medium,Major completions spender with active efficiency improvement program. 15%+ D&C efficiency target and simul-frac adoption make them a strong CLF target account.,"ConocoPhillips is focused on capital discipline post-Marathon acquisition, targeting 15%+ D&C efficiency improvements. Permian and Eagle Ford remain core development areas with growing Lower 48 production.",$12.2-12.8B,1.99-2.07 MMBOE/d,Permian | Eagle Ford | Bakken | Alaska,simul-frac | longer laterals | D&C optimization,"Driving 15%+ D&C efficiency improvement through simul-frac deployment, longer laterals, and optimized completion designs. Marathon integration expanding completions scale.",Halliburton,"15%+ D&C efficiency improvement target, expanding 3-mile laterals",We see significant runway for continued D&C efficiency improvements across our portfolio,Search summary
CPG,"Crescent Point Energy Corp. (now Veren Inc., acquired by Whitecap Resources May 2025)",Operator,Q4 2025,Medium,"Veren/Crescent Point was an active completions innovator in the Alberta Montney and Kaybob Duvernay, testing SPE completion designs and tracking per-well performance improvements. The focus on completion design optimization represents a potential entry point for Seismos technology. However, the company no longer exists as an independent entity (absorbed into Whitecap in May 2025). Future engagement would be through Whitecap Resources (WCP).","Crescent Point Energy rebranded to Veren Inc. (TSX/NYSE: VRN) in May 2024 and was acquired by Whitecap Resources (TSX: WCP) in May 2025, ceasing to exist as an independent public company. The ticker CPG no longer trades as of May 2025. Veren's final standalone Q4 2024 results (reported February 27, 2025) showed 188,721 boe/d production (+16% YoY), with 77% of production from Alberta Montney and Kaybob Duvernay. Whitecap absorbed Veren's assets and reports Q4 2025 results under WCP ticker with 307,245 boe/d record 2025 production.","Veren's 2025 standalone capex was not tracked (acquired in May 2025). Whitecap (post-Veren merger) 2026 capital budget: CAD $2.0-2.1 billion, split 75% unconventional / 25% conventional. Whitecap is building Lator 04-13 facility for 11 net Montney wells in 2026, targeted completion Q4 2026.","Veren (standalone) 2025 guidance was 188,000-196,000 boe/d at time of Q4 2024 results. Whitecap post-merger 2026 guidance: 370,000-375,000 boe/d (Q4 2026 exit rate 380,000 boe/d), representing 22% growth vs. 2025 average. Montney and Duvernay assets ~75-80% of unconventional capital.",Alberta Montney (Canada) | Kaybob Duvernay | Saskatchewan (Canada),Single Point Entry | SPE design testing in Karr (Montney) | Multi-well pad development | Gas egress infrastructure expansion,"Veren/Crescent Point was actively testing Single Point Entry (SPE) completion designs in the Alberta Montney at Carr, achieving 30% above type well IP30 rates (average peak 30-day rate of 1,270 boe/d per well at 80% oil cut). SPE design expanded to Karr and Gold Creek in 2025. Kaybob Duvernay completions delivered 25% above type well IP30 rates. Completions innovation was a key operational differentiator. No CLF or real-time frac monitoring mentioned.",,"Veren Q4 2024: 188,721 boe/d production; adjusted funds flow $619.6M ($1.01/share); net debt reduced 35% to $2.48B; Montney/Duvernay 77% of production. SPE completion design: 1,270 boe/d per well peak 30-day rate (30% above type well). Whitecap post-merger: $300M realized synergies vs. $210M target.","Veren Q4 2024 call: CEO Craig Bryksa stated 'We continue to be excited about the quality of our asset base.' SPE completion design at Carr generated 'average peak 30-day rate of 1,270 boe/d per well, 30% above the area type well' at 80% oil cut.",Search summary
CRGY,Crescent Energy Company,Operator,Q4 2025,Medium,"Active completions program with simulfrac adoption and extended laterals across Eagle Ford (core Seismos basin) and Uinta creates real-time frac optimization opportunity. 70% simulfrac penetration in South Texas and cost-efficiency focus make CLF/acoustic diagnostics a compelling add-on, though no technology vendors were named on the call.","Crescent completed a sweeping portfolio transformation in 2025, executing ~$5 billion in transactions to become a focused three-basin operator in the Eagle Ford, Permian, and Uinta. The 2026 focus shifts to integration and synergy delivery, targeting $190 million annual run-rate synergies (doubled from original targets) while running a 6-7 rig program and expanding simulfrac adoption to drive D&C cost efficiency.",$1.3 billion+ development capital program for 2026,320-335 MBoe/d for 2026 (~25% YoY increase); relatively flat oil volumes in Eagle Ford and Permian throughout 2026,Eagle Ford | Permian Basin | Uinta,simulfrac | ESP | extended lateral lengths,"Expanding simulfrac to 70% of South Texas pads; increasing Eagle Ford lateral lengths by ~2,000 feet through strategic land trades; D&C costs per foot declined 15% YoY. Running 4 Eagle Ford rigs, 1 Uinta rig, 1-2 Permian rigs.",,D&C cost per foot down 15% YoY; $190M annual synergy run-rate (doubled); targeting ~7% reduction in adjusted operating expenses vs. full-year 2025; base decline rate targeting 25% or below within 12-18 months,"We are now a focused and scaled operator in three premier basins: the Eagle Ford, the Permian, and the Uinta.",Search summary
CRK,"Comstock Resources, Inc.",Operator,Q4 2025,Medium,"Comstock is a major Haynesville completions spender ($1.4-1.5B capex) with active technology adoption including 20,000 PSI frac fleet upgrades and rotary steerable systems. The high-pressure Western Haynesville development and aggressive completions pace (48 wells to sales in 2026) present potential for frac diagnostics and optimization. No specific CLF or acoustic sensing mentions.","Comstock is aggressively developing the Western Haynesville play while doubling wells turned to sales from 12 to 24 in 2026. The company is pursuing a transformative behind-the-meter data center power strategy with NextEra (2-8 GW potential) and investing in rig upgrades to 10,000 PSI and 20,000 PSI frac fleet capabilities.",$1.4-$1.5 billion D&E capex plus $100-$150 million midstream (2026),"1,250-1,400 MMcfe/d for full-year 2026 (Q1: 1,075-1,150 MMcfe/d)",Haynesville | Western Haynesville,"rotary steerable drilling systems | insulated drill pipe | 10,000 PSI rated rig upgrades | 20,000 PSI frac fleet upgrade","Ramping from 8 to 9 operated rigs with 4 devoted to Western Haynesville. Plans to drill 47 wells and turn 48 to sales in 2026. Western Haynesville wells averaging 33 MMcf/d IP. Upgrading to 10,000 PSI rig by late summer and planning 20,000 PSI frac fleet upgrade. 11% YoY reduction in D&C costs for legacy assets. Two Western Haynesville wells per month and four legacy wells per month completion pace.",NextEra,11% YoY reduction in D&C costs for legacy Haynesville. Finding cost of $1.02/Mcfe. 229% reserve replacement ratio. Western Haynesville wells at 33 MMcf/d average IP vs. 25 MMcf/d legacy.,"Comstock plans to increase the number of operating drilling rigs from eight to nine during 2026, with four devoted to the Western Haynesville.",Search summary
CTRA,Coterra Energy Inc.,Operator,Q4 2025,Medium,Major Permian operator with active Delaware Basin completions program and focus on completions optimization through landing zone development. Pending Devon merger will create massive combined completions operation. No specific frac technology mentions but scale of operations presents opportunity.,"Coterra is merging with Devon Energy in a $58B all-stock deal expected to close Q2 2026, creating a super-independent with dominant Delaware Basin position and diversified Marcellus/Eagle Ford/Williston portfolio. Standalone 2026 guidance targets 5%+ annual oil growth with sub-50% reinvestment rate, while the Marcellus program delivers best-in-class returns.",$2.1B-$2.4B annual average (three-year outlook 2025-2027); Q4 2025 capex was $594M,"750-810 MBoepd total, 162-172 MBopd oil, 2,775-2,975 MMcfpd gas (2026 standalone)",Delaware Basin (Permian) | Marcellus Shale,new landing zone development | midstream optimization,Ran nine rigs in Permian in H2 2025; maintained second rig in Marcellus through 2025 due to record-setting well performance. Completed integration of Delaware Basin acquisitions with focus on landing zone optimization and lower operating costs. No specific completions technology innovations discussed.,,Marcellus wells: 11 wells turned online Dec 2024 with peak 30-day rate of 450 MMcf/d. 2025 reinvestment rate of 54%. Generated $2.0B free cash flow (up 67% YoY). Integration yielded lower operating costs and optimized midstream commitments.,Our Marcellus program is our best return right now.,Search summary
DVN,Devon Energy,E&P Operator,Q4 2025,Medium,"Devon-Coterra merger creates massive completions operation. AI-enabled artificial lift but production optimization focus, not frac tech.","Devon announced a merger with Coterra Energy, creating a $3.5B upstream capex combined entity. Pre-merger Devon is executing a business optimization program targeting $1B in savings (85% achieved). Technology focus is on AI-enabled artificial lift optimization, condition-based maintenance, and Fervo geothermal investment. Delaware Basin focus with 90% NM activity.",$3.5B upstream capex (combined Devon+Coterra basis),,Delaware Basin | Anadarko | Eagle Ford | Williston,AI-enabled artificial lift optimization | Condition-based maintenance (predictive) | Fervo geothermal investment | 100+ active work streams for | Real-time production monitoring,"Devon's primary technology narrative is production optimization (artificial lift, condition-based maintenance) rather than completions diagnostics. Delaware Basin mix is 40% Wolfcamp, 45% Bone Spring, 15% Avalon. Merger with Coterra creates scale efficiency rationale. No CLF or acoustic frac diagnostics mentioned.",Coterra Energy | Fervo Energy,,"We've deployed AI-enabled artificial lift optimization and condition-based maintenance across our portfolio, contributing to the $850 million in business optimization savings achieved to date.",
EC,Ecopetrol S.A.,International,Q4 2025,Medium,"Ecopetrol operates in the Permian Basin (Midland) and explicitly discussed completions optimization including lower fracture pressures and new well designs as efficiency levers. As a significant Permian operator with active completion design work, there is a plausible entry point for Seismos CLF technology. However, no real-time frac monitoring or diagnostic technology was mentioned by name.","Ecopetrol's Q4 2025 and full-year results are scheduled for release on March 4, 2026 (not yet available as of February 27, 2026). Based on Q3 2025 data, the company achieved average production of 751,000 boe/d for the first nine months of 2025, at the upper end of guidance, with EBITDA of COP 12.3 trillion (+11% QoQ) and proven reserves replacement ratio of 121%. The company faces a more challenging 2026 price environment and is focused on capital discipline.","2025 capex guidance: $5.8-6.8 billion (full year), with $4.2 billion invested through Q3 2025 (72% of annual target). 2026 capex guidance not yet released; expected with Q4 2025 results on March 4, 2026.","2025 full-year guidance: 740,000-750,000 boe/d (at upper end as of Q3 2025). 2026 production plan under development as of Q3 2025; formal guidance expected March 4-5, 2026. Permian Basin contributed ~106,000 boe/d net before royalties (14% of total production).",Llanos Basin (Colombia) | Permian Basin - Midland (USA) | Putumayo (Colombia) | Caño Sur (Colombia),New well designs with lower fracture | Tertiary recovery via air injection at | Enhanced recovery representing 41% of | Green hydrogen plant,"In the Permian Basin, Ecopetrol explicitly credited new well designs, lower fracture pressures, and reduced pumping times as drivers of cost reductions per foot drilled and per barrel pumped vs. plan. This represents active completions optimization. Colombian operations focus on conventional enhanced recovery. No CLF or real-time frac monitoring mentioned.",Parex Resources,"Permian: lower cost per foot drilled and per barrel pumped vs. plan via frac design optimization. EBITDA margin 41% in Q3 2025. Refining throughput 413,000 bbl/d in Q3 2025 (post-maintenance recovery). Transportation throughput 1,098,000 bbl/d.","Q3 2025 call (November 14, 2025): 'Reductions in operating times and costs in the Permian were achieved thanks to new well designs, lower fracture pressures, and pumping times, which resulted in lower costs per foot drilled and per barrel pumped compared to the plan.'",Search summary
EOG,EOG Resources,E&P Operator,Q4 2025,Medium,Super Zipper high-intensity completions across 10 crews. ML-based production optimizers. Major completions spender but proprietary in-house approach.,"EOG is running a $6.5B 2026 capex program across Delaware, Utica, Eagle Ford, and Dorado with 24 rigs and 10 completion crews. Well costs declined 7% in 2025 with low single-digit further reductions targeted in 2026. Super Zipper high-intensity completions are a core operational focus, with ML-based production optimizers deployed across the portfolio.","$6.5B total 2026; $725/ft Delaware, <$600/ft Utica, $750/ft Dorado",,Delaware Basin (Permian) | Utica Shale (Ohio) | Eagle Ford | Dorado (South Texas gas),Super Zipper high-intensity completion | EOG motor program (drilling efficiency) | ML-based production optimizers | High-intensity completions | Extended laterals (2-4 miles),Super Zipper zipper fracs with high fluid and proppant intensity. 10 completion crews across 4 plays. Completed lateral feet per day improving. 585 net wells planned in 2026. No specific CLF or acoustic diagnostics mentioned — EOG operates a large in-house technical team with proprietary completion designs.,ProFrac | unnamed completion service,,We continue to improve total completed lateral feet per day while driving down well costs — targeting low single-digit improvements again in 2026 across all our major plays.,
EXE,Expand Energy Corporation,Operator,Q4 2025,Medium,Expand Energy (Chesapeake+SWN) running progressive completion design iterations in Haynesville. Self-sourced sand program.,"Expand Energy (formerly Chesapeake + SWN) delivered 15% reduction in Haynesville breakevens in 2025 through evolved completion designs progressing from 'gen one' to 'gen three' and self-sourcing sand, while expecting sustainable first-year production gains in 2026. The company is shifting commercial focus to premium markets targeting $0.20/Mcf uplift (~$500M EBITDA) over 3-5 years and expanding 5 Bcf storage capacity. CEO sees natural gas demand growing 35-40% over five years and is focused on aggressive commercial execution.",Maintenance capital ~$225M lower YoY for same ~7.5 Bcf/d production; flexible activity based on $3.50-$4.00 mid-cycle gas price view,,Haynesville | Appalachia,Completions optimization | Natural gas focus,Progressive completion design iterations in Haynesville driving breakeven reduction; self-sourced sand to improve completion quality; maintaining flexibility on completion timing based on gas price; five Utica laterals planned for CNX-style completion (note: this is EXE not CNX),No specific service providers,,Completion designs progressed from gen one at merger close to gen three with improved results,
FANG,Diamondback Energy,E&P Operator,Q4 2025,Medium,Continuous pumping focus with simul-frac on longer laterals. 60-well surfactant trial. Treats downtime as the enemy — efficiency-driven culture.,"Diamondback is running a $3.75B 2026 program tightly focused on Permian core Midland and emerging Barnett development. Continuous pumping at 4,500+ ft/day is a primary operational focus. Active surfactant trial program (60 wells at ~$500K/well) and stage design optimization underway. Barnett at $1,000/ft targeting $800/ft via learning curve. 15,000-ft laterals in Barnett.","$3.75B total 2026; $510-520/ft Midland core, Barnett targeting $800/ft (from $1,000/ft)",,Permian Basin (Midland) | Barnett Shale (emerging),"Simul-frac (simultaneous fracturing) | Continuous pumping | Surfactant testing | Stage design optimization | Extended laterals (15,000 ft in Barnett)","Continuous pumping is the primary efficiency driver — Diamondback treats downtime as the enemy. Simul-frac on longer laterals. Active surfactant trial to quantify oil uplift (60-well program). Stage design optimization to reduce cost per foot in Barnett from $1,000 to $800. No real-time diagnostics or acoustic monitoring mentioned.",ProFrac | unnamed completion service,,"We achieved a 5,500-foot-per-day continuous pumping record in the Midland Basin — never underestimate the American engineer.",
GPOR,Gulfport Energy Corporation,Operator,Q4 2025,Medium,"Active completions operator focused on frac design optimization with science-driven approach (sidewall cores, logging for frac design). Completion efficiency dipped in 2025 and is a stated focus area. Collecting data to 'properly design fracs' in Marcellus North. However, no specific mentions of CLF, acoustic sensing, or real-time frac monitoring technologies.","Gulfport is focused on capital-efficient Utica and Marcellus dry/wet gas development with longer laterals averaging 16,900 feet in 2026, up from 13,500 feet. The company is completing a discretionary acreage acquisition program adding 2+ years of core inventory while returning over 100% of adjusted FCF to shareholders via buybacks.","$400M-$430M total ($365M-$390M D&C, $35M-$40M land/seismic)",Q4 2026 production ~5% above Q4 2025 levels,Appalachia | Utica | Marcellus | SCOOP,proprietary 3D seismic | U-development wells | sidewall cores | extended lateral lengths,"Completion efficiency increased 26% from 2022-2025 but dipped in 2025 due to regional drought and spot crew utilization; frac efficiency averaged 18 hours/day. First U-development wells in Utica completed in Q4, brought online Q1 2026. Marcellus North wells planned with full science program (sidewall cores, logging, tests) to properly design fracs, completions deferred to 2027. Targeting 15,000-18,000 ft optimal lateral lengths. Utica D&C costs down to $920/lateral foot in 2026.",,"Drilling footage/day improved 80% from 2022-2025. Completion efficiency up 26% over same period but dipped in 2025. Top-hole drilling shaved couple days/well. Utica D&C costs ~$920/lateral foot. Full-year 2025 D&C capital $428.4M. Q4 operating cash flow $222M, exceeding capex by 2x.","Drilling footage per day improved by approximately 80% between 2022 and 2025, while completion efficiency increased 26% over the same period.",Search summary
KLXE,"KLX Energy Services Holdings, Inc.",OFS-Completions,Q3 2025,Medium,"Direct completions services provider (wireline, coiled tubing, frac rentals, downhole tools). While no specific frac diagnostics or real-time monitoring mentions, their VISION Suite and completions tool innovation suggest openness to advanced completions technology. Potential channel partner or customer for Seismos CLF data integration with wireline/perf operations.","KLX reported Q3 revenue of $166.7M with adjusted EBITDA of $21.1M and 12.7% margins, outperforming despite a 6% rig count decline. The company continues to emphasize its diversified completions services portfolio including wireline, coiled tubing, and the VISION Suite of downhole tools, while targeting gas-basin growth tied to LNG demand. Q4 2025 results have not yet been released.",Q3 net capex $7.8M; no 2026 guidance yet (Q4 2025 not reported),N/A,Permian | Gulf Coast | Midcontinent | Northeast/Appalachia,VISION Suite | OraclE-Smart Reach Tool (SRT) | SpectrA PDC | PhantM Dissolvables | large-diameter coiled tubing,"Core completions services provider with 50+ products/services. VISION Suite of downhole completions tools is their technology differentiator, including dissolvable tools and smart reach tools. Operates one of the largest US wireline fleets (130+ units) and 24 large-diameter coiled tubing spreads. Northeast/Mid-Con segment surging on gas activity.",,Adjusted EBITDA margin 12.7% (up from 11.6% QoQ); total liquidity $65.2M; overhead cost discipline driving margin expansion despite lower rig count,"The outperformance was complemented by disciplined management of fixed costs, resulting in consolidated adjusted EBITDA margin expansion to 12.7% from 11.6% in Q2.",Search summary
MTDR,Matador Resources Company,Operator,Q4 2025,Medium,"Active completions technology adoption including surfactant-enhanced completions program, significant focus on frac efficiency and cost optimization, and AI integration plans. No specific mention of CLF, acoustic sensing, or frac diagnostics, but the completion efficiency and technology openness signals potential receptivity.","Matador is prioritizing free cash flow over production growth, targeting 3% oil growth while cutting capex 11% to $1.50B. The company is leveraging Delaware Basin efficiency gains including a 13% reduction in drill-and-complete cycle times and expanding its surfactant-enhanced completions program.",$1.50 billion (down 11% YoY from $1.53B),"122,000-124,000 Bo/d and 525-545 MMcf/d (209,500-215,000 BOE/d)",Delaware Basin | Permian Basin,enhanced completion surfactants | produced water recycling | artificial intelligence integration | Wolfcamp | Bone Spring,"Large-batch and longer-lateral completions front-loaded in H1 2026 (55-60% of full-year capex). D&C cost expected at ~$795/lateral foot, down 6% YoY. 20% YoY completion efficiency improvement. Expanded surfactant program showing improved 150-day cumulative production vs. control wells. 72% of frac water sourced from produced water.",,D&C cost ~$795/lateral foot (6% reduction YoY). 13% reduction in drill-and-complete cycle time. 20% completion efficiency improvement YoY. 10% EUR improvement per well.,"Matador anticipates its 2026 drilling and completion cost to be approximately $795 per lateral foot, a 6% reduction compared to 2025.",Search summary
NINE,"Nine Energy Service, Inc.",OFS-Completions,Q4 2025,Medium,"Nine is a pure-play completions services company (cementing, wireline, completion tools, coiled tubing) operating in basins where Seismos is active. Their struggles with completion design changes and need for differentiation could make them receptive to frac diagnostic partnerships, though they don't currently mention any real-time monitoring technologies.","Nine Energy is struggling with Permian Basin pricing pressure and market share losses in completion tools due to customer consolidation and casing size changes. The company is pivoting toward international markets (UAE, Argentina, Australia) and gas-levered basins (Northeast, Haynesville) while investing in new completion tool technology and a 30,000 sq ft manufacturing facility to regain competitiveness.",FY2025 at lower end of $15M-$25M range (2026 not yet provided; Q4 2025 not yet reported),N/A,Permian Basin | Haynesville | Northeast (Marcellus/Utica) | UAE,latex-based cement slurry (high-temp) | completion tools (dissolvable plugs) | wireline services | coiled tubing | cementing,"Core completions services provider across cementing, wireline, completion tools, and coiled tubing. Facing headwinds from completion design changes (casing size shifts) and Permian pricing saturation. Completed landmark 400F+ cementing job in Haynesville. R&D team actively developing new completion tool technology to address market share losses. International completions revenue up 19% YTD.",,"Q3 2025 revenue $132M (below $135M-$145M guidance). Adjusted EBITDA $9.6M. Net loss of $14.6M. Cementing jobs down 4%, wireline stages down 4%, completion tool stages down 27%. Liquidity $40.3M.","Pricing pressure was most evident in the Permian Basin where the majority of rigs have come out of the market, and the competitive landscape is saturated.","Limited data (Q4 2025 not yet reported as of Feb 27, 2026; data based on Q3 2025 results and Q4 guidance)"
NOV,NOV Inc,Oilfield Services — Equipment & Technology,Q4 2025,Medium,Wired pipe Downhole Broadband delivers high-frequency downhole data during operations. Max Completions suite. Adjacent data infrastructure provider.,"NOV delivered $8.74B revenue and $1.03B EBITDA for 2025. Wired pipe Downhole Broadband Services (DBS) doubled year-over-year in the North Sea, enabling high-frequency downhole data for faster decision-making. ATOM RTX robotics platform and digital solutions for drilling efficiency are growth areas. NA completions business softer on macro. Max Completions (Seismos partnership platform) not named explicitly in call.",Not specified in summary; ongoing operational investment in wired pipe and digital,,North Sea | North America | Middle East | International broadly,Wired pipe Downhole Broadband Services | High-frequency downhole data | ATOM RTX robotics platform | Max Completions platform | Digital solutions for drilling,"NOV's completions exposure is through capital equipment (stimulation equipment, intervention tools) and the Max Completions platform. DBS wired pipe provides high-frequency downhole data that enables faster rig-floor decisions — adjacent to Seismos's acoustic sensing approach but focused on drilling rather than fracturing. NA completions equipment market softer.",Unnamed operators (North Sea) | Seismos,,"Downhole Broadband Services — our wired pipe technology — more than doubled year-over-year in the North Sea, enabling operators to capture high-frequency downhole data for faster decision-making during drilling operations.",
PTEN,Patterson-UTI Energy,OFS-Drilling/Completions,Q4 2025,Medium,"Drilling and completions provider. Ulterra drill bits, NexTier completions integration. Active in Permian but earnings data mixed with ProPetro in extraction.","FILE NOTE: PTEN.txt contains ProPetro (PUMP) Q4 2025 data, not Patterson-UTI (PTEN). ProPetro reported Q4 revenue of $290M (beat), adjusted EPS of $0.01 (beat vs -$0.13 est), with EBITDA up 46% QoQ to $51M. The company's major strategic pivot is PROPWR - a power generation business targeting 1 GW+ of installed capacity by 2030, with 550 MW ordered. ProPetro plans 11 active frac fleets in Q1 2026 and is investing $140-160M in completions business in 2026 including fleet automation and direct drive gas frac units.","$390-435M total 2026 capex: $140-160M completions (incl. $40-50M FORCEelectric lease buyouts, fleet automation, gas frac units); $250-275M PROPWR power generation",,Permian Basin | Appalachia,PROPWR equipment | Electric frac support | NatGas turbines,Operating 11 active frac fleets in Q1 2026 (near-term constraint on adding fleets); investing in fleet automation and transitioning from Tier IV DGB to gas frac/electric units; PROPWR power pivot is the dominant 2026 investment theme with completions business as secondary focus,Caterpillar Financial Services,,PROPWR total committed capacity expanded to approximately 240 megawatts with growth anticipated in 2026,Search summary
RRC,Range Resources Corporation,Operator,Q4 2025,Medium,"Range is running an e-frac fleet under long-term contract and achieving industry-leading frac stage efficiency. While focused on capital efficiency rather than technology experimentation, their completions-intensive DUC harvest strategy and e-frac adoption indicate digital completions awareness. No CLF or frac diagnostics mentions.","Range Resources is executing a capital-efficient Appalachian growth plan targeting 6% production growth on flat capex, leveraging a large DUC inventory of 500,000+ lateral feet. The company runs an electric frac fleet under a two-year agreement and is achieving nearly 10 frac stages per day per crew.",$650-$700 million for 2026,"2.35-2.40 Bcfe/d for 2026, ramping to ~2.6 Bcfe/d in 2027",Appalachia (Marcellus/Utica),electric hydraulic fracturing (e-frac) | super spec drilling rig | DUC inventory optimization,"Single full-time electric frac crew year-round plus a spot crew in Q2-Q3 to harvest DUC inventory. Achieved 9.7 frac stages/day benchmark in 2025 (approaching 10 stages/day in Q4). New two-year e-frac fleet agreement starting Jan 1, 2026. D&C pricing flat to slightly lower vs. 2025. 500,000+ lateral feet of DUC inventory provides multi-year completion flexibility.",,"9.7 frac stages per day (2025 benchmark), approaching 10 stages/day in Q4. ~3,800 total frac stages completed in 2025. D&C pricing flat to slightly lower for 2026. Sub-$600M capex could maintain 2.6+ Bcfe/d in 2028.","Completion efficiencies for the fourth quarter approached 10 frac stages per day per crew, pushing 2025 totals to nearly 3,800 total stages.",Search summary
SLB,SLB (Schlumberger),Oilfield Services — Diversified Major,Q4 2025,Medium,Tela agentic AI system for oilfield. ChampionX integration expanding production chemicals. Real-time monitoring through Well Construction segment.,"SLB delivered record digital performance in Q4 with $825M digital revenue (+25% sequential), ARR exceeding $1B, and launched Tela — an agentic AI system for upstream workflows. ChampionX integration drives Production Systems growth. Data center solutions business targeting $1B annual run rate by end-2026. 2026 revenue guidance $36.9-37.7B with margin in-line with 2025.",$36.9-37.7B revenue guidance 2026; $2.4B capex investments,,Global | Venezuela | Saudi Arabia,Tela agentic AI system | ADNOC AI-powered production system | OneSubsea (subsea bookings $4B in 2025) | ChampionX integration | Digital ARR >$1B (15% YoY growth),"SLB's completions exposure is primarily through Production Systems (ChampionX integration) and Well Construction. Real-time completions diagnostics are not highlighted — focus is on production recovery, digital, and subsea. Completion services in North America land declined due to macro headwinds.",ChampionX (acquired) | ADNOC (partnership) | NextDecade (LNG service) | Cheniere (LNG service),,"We launched Tela, an agentic AI system for upstream workflows, as we target exiting 2026 at a $1 billion annual run rate in our data center solutions business.",
SM,SM Energy Company,Operator,Q4 2025,Medium,"Large-scale multi-basin operator with 4.5 frac crews and 295 net completions planned in 2026. Permian receives 45% of capital. Active focus on applying best practices and increasing operational efficiencies across combined Civitas portfolio. However, no specific advanced completions technology mentions beyond longer laterals and deeper zones.","SM Energy is transitioning to a 'value over volume' strategy following the Civitas Resources merger, cutting capex 14% and reducing from 14 to 11 average rigs while targeting $200-300M in annual cost synergies. The company is divesting South Texas assets for $950M and concentrating capital on the Permian (45%) with growing Uinta and DJ Basin positions.",$2.65B-$2.85B total ($2.3B-$2.5B DC&E); 14% lower than pro forma 2025,"H2 2026: 420,000-430,000 BOE/d at 55% oil","Permian Basin (45% of capital) | DJ Basin (20%) | Uinta Basin (20%) | South Texas (15%, divesting)",longer laterals | deeper zone development | multi-stack pay development (Uinta),Deploying 4.5 frac crews across portfolio. Drilling 245 net wells and completing 295 net wells in 2026. Applying proven technical capabilities from Permian to Uinta Basin with multiple stack pays. Integrating Civitas operations with focus on applying best practices across combined asset base. No specific advanced frac technology mentioned.,,Record operating cash flow of $2.01B. Record adjusted EBITDAX of $2.26B (+13% YoY). Net production up 21% YoY to 206.8 MBoe/d. Expected $200-300M annual cost synergies from Civitas merger with $1.0-1.5B NPV-10 value creation. Net debt reduced by $437M in 2025.,This is the first release of the new SM Energy. 2025 was a pivotal year in which the company improved on every part of our investment thesis.,Search summary
WCP,Whitecap Resources,Operator - International (Canada Montney/Conventional),Q4 2025,Medium,"Montney operator with ""wine rack"" well spacing optimization. Extended reach laterals. SPE completion design testing from Veren acquisition.","Whitecap completed its 'transformational' combination with Veren Inc. and delivered record Q4 production of 379,000 BOE/day with peer-leading operating costs of CAD $12.24/BOE. The Montney unconventional division (Musreau, Lator, Kaybob Duvernay) is ahead of plan with debottlenecked capacity now guided at 115,000-120,000 BOE/day by year-end - two years ahead of prior schedule - driven by 'wine rack' development and artificial lift refinements. 2026 guidance: 370,000-375,000 BOE/day on CAD $2.0-2.1B capex.",CAD $2.0-2.1B full year 2026; 2025 full year CAD ~$2.0B,,Montney | Duvernay | West Pembina,Wine rack well design | Extended reach laterals | Montney completions optimization,"Montney: longer laterals, higher-density development, 'wine rack' spacing optimization reducing interference; Bakken: extended-reach open-hole multilateral wells (record 34,600m drilled); Cardium: frac design learnings driving 15% capital efficiency improvement in 2025; Frobisher: longer laterals and enhanced reservoir contact with 41% IP180 outperformance",Centrica,,Kaybob wine rack configuration delivering 10-20% well performance improvement over 33 wells,
WFRD,Weatherford International plc,OFS-Diversified,Q4 2025,Medium,"Weatherford is expanding completions and interventions capabilities and investing in digital/AI optimization, but no specific mentions of acoustic sensing, real-time frac monitoring, or CLF technologies. Their completions focus is more on tools (gas-lift, flow-control) than frac diagnostics.","Weatherford is navigating a 'tale of two halves' in 2026, expecting a weaker first half followed by recovery driven by contract awards in Saudi Arabia, Argentina, UAE, and Brazil. The company is investing heavily in its Modus MPD solution and completions/interventions portfolio while executing $150M in cost optimization and workforce reductions to protect margins in a flat-to-down international market.",$190M-$230M for 2026 (declining at midpoint vs. 2025 $226M),N/A,Permian | Latin America | Middle East | Asia (Indonesia),Modus MPD (Managed Pressure Drilling) | TRS (Tubular Running Services) | gas-lift completions | flow-control accessories | digital platforms,Advancing completions and interventions capabilities with focus on offshore rebound. Won seven-year Oxy contract for gas-lift completions and flow-control accessories in Oman. Positioning as full-service provider from drilling through completions with MPD and TRS integration.,Oxy (Occidental) | Turnwell Industries LLC,"Adjusted EBITDA margin 22.6% (up 74bps sequentially). Free cash flow conversion 43.7% for FY2025 (576bps improvement YoY). $150M personnel expense reductions in 2025. Workforce reduced by 2,000+ employees.",We believe the worst in Mexico is behind us.,Search summary
WTTR,"Select Water Solutions, Inc.",OFS-Water Management,Q4 2025,Medium,"Select is deeply embedded in completions operations as a water logistics provider for simul-frac and tri-mod frac, which are the exact well designs where Seismos CLF technology adds value. No direct frac diagnostics or monitoring mentions, but their customer base and operational footprint overlap significantly with Seismos target operators.","Select Water is executing a multi-year infrastructure build-out in the Northern Delaware Basin with 11-year dedicated acreage contracts, while its Chemical Technology segment posted record 19% YoY revenue growth. The company is diversifying into municipal/industrial water, beneficial reuse, and lithium extraction via a partnership with LibertyStream for commercial lithium carbonate production by late 2026.",$175M-$225M for 2026 (with $50M-$60M maintenance weighted to Water Services),N/A,Northern Delaware Basin | Permian Basin,produced water recycling | drag reducer chemistry (DRA) | beneficial reuse | mineral/lithium extraction | advanced chemical technologies,"Select directly supports completions through water transfer for simul-frac and tri-mod frac operations. Management stated they have higher market share on tri-mod fracs than simul-fracs, and higher on simul-fracs than zippers, noting 'the more complex the solution, that is really where we shine.' Water transfer revenues in New Mexico surged 77% sequentially in Q4.",LibertyStream Infrastructure,"Water Infrastructure gross margin before D&A at 54.1%. Water Services gross margin improved 2pp to 20% in Q4. Chemical Technology segment 45% gross profit growth. 1 billion barrels recycled since 2021. 800% Water Infrastructure revenue growth over 5 years. FY2025 revenue $1.4B, Adjusted EBITDA $260.3M.","The more complex the solution, that is really where we shine.",Search summary
AESI,Atlas Energy Solutions Inc.,OFS-Logistics,Q4 2025,Low,"Proppant and logistics provider with no direct completions technology, frac diagnostics, or real-time monitoring capabilities. Power-as-a-Service pivot is interesting but unrelated to CLF/acoustic sensing.","Atlas delivered $249M revenue and $36.7M adjusted EBITDA in Q4, with Dune Express achieving record utilization. The company is pivoting aggressively into behind-the-meter power generation with 240MW of equipment on order and a Power-as-a-Service model, positioning power as a growth engine alongside its core Permian proppant and logistics business.","~$55M cash capex in 2026 ($45M maintenance, $10M growth) plus ~$190M in progress payments for power assets via lease facility",N/A,Permian | Delaware Basin,Dune Express | Power-as-a-Service | microgrid | patented hybrid battery solution | behind-the-meter power,Indirect completions exposure through proppant supply and last-mile logistics to frac crews. Q4 proppant volumes of 5.3M tons with logistics delivering 4.9M tons. Noted Permian completion activity stabilized at $50-60 WTI strip levels after steep summer decline.,,Full year 20% adjusted EBITDA margin; Dune Express record Q4 shipments ~2.1M tons with November monthly record of 760K tons; average sand price ~$19.85/ton falling to ~$18/ton in Q1 2026,"Pricing has fallen to completely unsustainable levels, well below those seen during COVID.",Search summary
BKR,Baker Hughes,Oilfield Services — Diversified Major,Q4 2025,Low,"Diversified OFS major focused on industrial energy tech, LNG, and digital. Minimal US completions discussion.","Baker Hughes delivered record 2025 adjusted EBITDA of $4.83B driven by IET (Industrial & Energy Technology) with $32.4B backlog. OFSE (oilfield services) revenue fell 8% on macro headwinds but maintained ~18% margins. Chart Industries acquisition expected Q2 2026 with $325M synergy target. Path to 20% company EBITDA margin by 2028. Power systems, LNG, and new energy are the growth vectors.","$27.25B revenue, $4.85B adj EBITDA 2026 guidance; Chart acquisition Q2 2026",,Global — Middle East | Sub-Saharan Africa | Brazil | North Sea (declining),Leucipa digital production optimization | AccessESP | Cordant Solutions | NovaLT industrial gas turbines | Chart Industries acquisition,"Baker Hughes's OFSE completions exposure is primarily through production solutions (ESP systems, Leucipa) and subsea pressure systems. North America land completions are not a strategic focus — the company is pivoting toward IET, LNG, power systems, and production recovery globally. OFSE NA land segment facing continued softness.",Chart Industries | Kuwait Oil Company (contract) | PDO (contract) | ADNOC (contract),,"IET more than offset OFSE softness — we achieved record $14.9 billion of IET orders and a $32.4 billion backlog, putting us on track for our 20% company EBITDA margin target by 2028.",
CHX,ChampionX Corporation,OFS-Chemical,Q4 2024,Low,"Production chemicals and artificial lift focus with minimal completions technology overlap. Now part of SLB, which has its own frac diagnostics capabilities.","ChampionX reported its final standalone quarter before being acquired by SLB. The company focused on cash flow generation and margin expansion, delivering $912M revenue with 23.3% adjusted EBITDA margin. The SLB all-stock acquisition closed shortly after, ending CHX as an independent entity.",N/A (no 2026 standalone guidance given pending SLB acquisition),N/A,Global,Production Chemical Technologies | Production & Automation Technologies | Reservoir Chemical Technologies | artificial lift,"Limited direct completions exposure. Reservoir Chemical Technologies segment (stimulation/completion chemicals) grew 7% sequentially to $21.9M on higher product volumes, but represents a small fraction of total revenue.",SLB,Adjusted EBITDA margin 23.3%; free cash flow $170.1M in Q4; full year FCF $460.5M on $589.7M operating cash flow,"The unique nature of ChampionX's cash flow resiliency, driven by the strength of our high-margin operating model and capital-light portfolio of businesses.",Search summary
CNQ,Canadian Natural Resources Limited,Operator,Q4 2025,Low,"CNQ is primarily an oil sands and heavy oil producer. Its completions activity is dominated by SAGD (steam injection) rather than hydraulic fracturing. Real-time frac monitoring and CLF technology are not applicable to its core asset base. The company's technology focus is on solvent EOR, upgrader efficiency, and mining operations.","CNQ's Q4 2025 and full-year results are scheduled for March 5, 2026 (not yet available as of February 27, 2026). Based on Q3 2025, the company achieved record quarterly production of 1,620,261 boe/d (+19% YoY), with oil sands mining running at 104% utilization producing 581,136 bbl/d SCO. The company increased 2025 full-year guidance to 1,560,000-1,580,000 boe/d with unchanged capex of CAD $5.9 billion and has increased its dividend for 25 consecutive years.","CAD $5.9 billion operating capital for 2025 (unchanged through Q3 2025). Focused on oil sands mining and in situ thermal SAGD development. Multiple SAGD pads planned for 2026 production (Kirby Q4 2025, Pike Q1-Q2 2026). Naphtha Recovery Unit Tailings Treatment (NRUTT) project targeted for mechanical completion Q3 2027 adding ~6,300 bbl/d SCO.","2025 guidance increased to 1,560,000-1,580,000 boe/d. Q3 2025 record: 1,620,261 boe/d. Oil Sands Mining SCO: 581,136 bbl/d at 104% utilization; target ~592,000 bbl/d capacity post-AOSP acquisition integration. Thermal in situ record: ~271,000 bbl/d. 2026 formal guidance expected March 5, 2026.",Athabasca Oil Sands | Horizon Oil Sands | Albian Sands (AOSP) | Kirby (thermal in situ),Solvent Enhanced Oil Recovery | Steam-Assisted Gravity Drainage | Reliability Enhancement Project | Debottleneck Project | Naphtha Recovery Unit Tailings Treatment,"CNQ's completions activity is focused on SAGD well-pair drilling and steam injection startup for thermal in situ assets, not hydraulic fracturing. Solvent-enhanced oil recovery is being piloted at Kirby North (started June 2024) and Primrose to reduce steam-to-oil ratios and improve recovery factors. Conventional frac completions apply to light oil assets in the Western Canadian Sedimentary Basin but were not highlighted in recent earnings calls.",,SCO operating cost: CAD $21.29/bbl (Q3 2025) and CAD $20.97/bbl (Q4 2024). Oil sands utilization 104%. Thermal in situ: ~$11.04/bbl operating cost. Net debt-to-EBITDA 0.9x. Liquidity >CAD $4.3 billion. Production growth per share: 16% in 2025 vs 2024. Shareholder returns: CAD $6.2 billion YTD through Q3 2025.,Q3 2025: CNQ President Scott Stauth referenced 'record quarterly production of 1.62 million BOE/d' and the company reported 'solvent recoveries continue to meet expectations' at Kirby North solvent SAGD pilot.,Search summary
CNX,CNX Resources Corporation,Operator,Q4 2025,Low,In-house completions with AutoSteer drilling focus. No third-party frac tech adoption signals.,"CNX is maintaining flat production through 2026 with front-half weighted capital (~60% in H1) while completing approximately five deep Utica laterals at ~$1,700/ft drilling cost with two spacing tests at 1,300 ft and 1,500 ft underway. The company fully internalized its AutoSep technology for flowback operations and has outsourced commercialization to a third-party OFS company expanding across Appalachia. RNG and 45Z tax credits represent ~$30M/year run-rate potential.",2026 capital front-half weighted (~60% H1); flat production profile ~7.5 Bcf/d equivalent; no specific dollar figure provided in transcript,,Appalachia,AutoSteer drilling | In-house completions | Digital monitoring,"~5 deep Utica lateral completions in 2026; Utica drilling cost $1,700/ft; spacing evaluation (1,300 ft vs 1,500 ft tests underway); Marcellus inventory harvesting in SW Pennsylvania; front-half capital weighting preserves H2 acceleration optionality",AutoSep commercialization,,"AutoSep is fully internalized — cost savings, environmental and safety benefits confirmed",
CVE,Cenovus Energy,Operator - International (Canada Oil Sands/Offshore),Q4 2025,Low,Oil sands (SAGD) producer. Hydraulic fracturing not central to operations.,"Cenovus set upstream production records in 2025 at 918,000 BOE/day in Q4, driven by the ~$15B MEG Energy acquisition integrating Christina Lake North. Strategy focuses on oil sands SAGD brownfield development, West White Rose offshore commissioning, and capturing $400M+ annual synergies from MEG by 2028. Solvent-enhanced oil recovery (SAGD + condensate injection) is being piloted at Spruce Lake North.",~$4.9B full year 2025; 2026 growth spend ~$300M lower YoY; sustaining ~$3.6-3.7B; no major new megaprojects,,Alberta Oil Sands | Conventional Alberta,Solvent-aided SAGD | Conventional optimization,SAGD thermal recovery focused - 42-well redevelopment program at Christina Lake North starting 2026; wider well spacing and longer wells deployment; Lloydminster redevelopment wells outperforming; no hydraulic fracturing focus,None named,,"Achieved record oil sands production of 727,000 BOE per day in Q4",
CVX,Chevron Corporation,Major,Q4 2025,Low,Supermajor with diversified global portfolio. Completions tech not discussed at corporate earnings level.,"Chevron achieved record global and U.S. production in 2025, driven by Tengiz FGP startup and Permian reaching 1 MMboe/d, while focusing on free cash flow growth and capital efficiency. Cost reduction program exceeded expectations delivering $1.5B in 2025 with an expanded $3-4B target by end-2026. Portfolio strengthening via Hess acquisition and Eastern Mediterranean gas growth anchor 2026 outlook.",Organic CapEx $5.1B Q4 2025; full-year 2025 in line with guidance; 2026 production growth 7-10% YoY,,Permian | DJ Basin | Gulf of Mexico | Kazakhstan,Efficiency-driven D&C | Longer laterals | Frac optimization,Applying best practices to Bakken post-Hess; ongoing Permian efficiency optimization; capital efficiency driving 35%+ FCF growth YoY,None mentioned specifically,,2025 was a year of execution with record production globally,
EQNR,Equinor ASA,Major,Q4 2025,Low,Norwegian offshore-focused supermajor. No US onshore completions technology discussion.,"Equinor cut 2026-27 CapEx by ~$4B (mainly power/low-carbon) while maintaining oil and gas investment near $10B/year to bolster free cash flow, with organic CapEx guided at ~$13B in 2026. The company reported record production of 2,137 Mboe/d in 2025 (up 3.4% YoY) and guided for ~3% production growth in 2026 driven by new field ramp-ups. Portfolio high-grading included divestiture of Argentina onshore assets and formation of the Adura JV with Shell on the UK Continental Shelf.",Organic CapEx ~$13B in 2026; ~$9B in 2027; oil and gas investment maintained ~$10B/year,,Norwegian Continental Shelf | Brazil | Gulf of Mexico,Subsea technology | Carbon capture,Equinor is an offshore-focused international major with no U.S. onshore shale completions activity described; NCS exploration and production via vertical wells and subsea tiebacks,Shell,,Record production in 2025 driven by operational performance and new fields,
EQT,EQT Corporation,E&P Operator,Q4 2025,Low,"Largest US natural gas producer. Focused on combo-development and capital discipline, minimal frac tech discussion.",EQT is focused on Appalachian natural gas with a $2.07-2.21B maintenance capex program. Combo development (6-10 wells sequentially per site) achieved 13% well cost reduction per foot year-over-year and recorded fastest quarterly completion pace. 80% water piped infrastructure. AI tools deployed for service rebidding and compression optimization.,$2.07-2.21B maintenance capex 2026,,Appalachian Basin,Combo development | AI tools for service contract rebidding | Compression optimization AI | Water infrastructure (80% piped) | Extended laterals,Combo development is EQT's primary efficiency driver — running 6-10 wells per site sequentially to maximize crew efficiency and reduce mobilization costs. Achieved fastest quarterly completion pace on record and 13% lower well cost per foot YoY. Focus is on operational throughput and scale efficiency rather than real-time diagnostics.,Unnamed completion service | rebid via AI-assisted,,Combo development allowed us to achieve the fastest quarterly completion pace in our history and a 13% reduction in well cost per foot year-over-year.,
FTI,TechnipFMC plc,OFS-Completions,Q4 2025,Low,Subsea-focused OFS. iEPCI integration model has no overlap with onshore completions.,"TechnipFMC reported 9% revenue growth to $9.9B and 33% EBITDA growth to $1.8B in 2025, driven by record Subsea inbound of $10.1B and a growing 24-month opportunity list of ~$29B. The company guided to $9.4B Subsea revenue in 2026 at 21.5% EBITDA margin (+16% EBITDA YoY), with CapEx of ~$340M and FCF of $1.3-1.45B while returning 70%+ to shareholders. Surface Technologies (which includes wellhead and completion equipment) grew international share to 65% with Saudi Arabia and Abu Dhabi manufacturing investments.",FY2026 CapEx ~$340M (~3.1% of revenue); Subsea revenue ~$9.4B; Surface Technologies revenue >$1.2B; FCF $1.3-1.45B,,Subsea global | Middle East,iEPCI integration | Subsea processing,"TechnipFMC's Surface Technologies segment covers wellhead and completion equipment (surface trees, wellheads, intervention) but not hydraulic fracturing pumping or diagnostics. North America Surface is described as a 'challenging market' and the company is de-emphasizing it in favor of international.",,,Five of the six 20K projects sanctioned to date have been awarded to TechnipFMC,
HP,"Helmerich & Payne, Inc.",OFS-Drilling,Q4 2025,Low,"Drilling contractor. Rig automation (FlexRig) focus, no completions services.","H&P reported solid Q4 with 141 contracted U.S. rigs and expanded Permian market share (33% to 37%) despite industry rig count decline, while completing KCAD acquisition to become the largest active land driller globally. The company is investing in rig floor automation (HexGrips, slip lifters), drilling automation, and advanced digital solutions (20% increase in app usage per rig YoY), with 50% of rigs on performance-based contracts. Saudi Arabia rig reactivations (7 rigs) and international expansion are key 2026 growth drivers.",Fiscal 2026 gross CapEx $280-320M; maintenance/fleet upgrades/reactivations $230-250M; NAS technology upgrades $40-60M; R&D ~$25M,,Permian | South Texas,Rig fleet automation | Drilling intelligence,H&P is a drilling contractor; no completions services. Focus is on well design supporting longer laterals and cleaner handoff to completion crews. 'Setting up for a clean and efficient completion' cited explicitly.,Tamboran Resources and,,Setting them up for a clean and efficient completion and production process,
NBR,Nabors Industries Ltd.,OFS-Drilling,Q4 2025,Low,Drilling contractor with PACE-R automation rigs. No completions or frac technology exposure.,"Nabors reduced net debt by $554M to lowest since 2005 and improved net leverage to ~1.7x through the Parker Wellbore acquisition (and Quail Tools sale), while growing Lower 48 rig count to 66 with 20% of rigs gas-directed (Haynesville/Northeast). SANAD JV in Saudi Arabia continues deploying new-build rigs (14 by Q4, 5 more in 2026 toward 19 total), and NDS (drilling solutions) outperformed the market with 10% sequential Q4 revenue growth on third-party rigs. 4-mile lateral wells in Permian driving demand for high-spec PACE-X Ultra rigs.",FY2026 CapEx $737-760M including $360-380M SANAD new-builds; Q1 2026 CapEx $170-180M; NDS EBITDA target $160-170M (+6-7% normalized for Quail),,Lower 48 | International,PACE-R rigs | Rig automation,"Nabors is a drilling contractor; no completions pumping services. NDS provides casing running and MPD which interface with completion setup. Longer laterals (3-4 mile in Permian, 25% of fleet in 2025 vs 15-16% in 2024) demand higher-spec rigs. PACE-X Ultra deployed for Coterra 4-mile lateral wells in South Texas.",Coterra Energy,,4-mile laterals in Permian quadrupled as a percentage of our fleet in 2025,
NOG,"Northern Oil and Gas, Inc.",Operator,Q4 2025,Low,"As a non-operator, NOG does not control completions design or frac technology selection. No mentions of CLF, acoustic sensing, real-time frac monitoring, or frac diagnostics. Their operators may use such technologies but NOG does not drive those decisions.","NOG is scaling its non-operated model across multiple basins with a dual-scenario 2026 outlook tied to commodity prices, leveraging its Drakkar analytics platform to evaluate 200+ ground game deals per quarter. The company closed a major Utica acquisition and is preserving high-value development for a higher price environment while maintaining flexibility through commodity price triggers in JDAs.","$850M-$1,100M (low/high activity scenarios)","139,000-148,000 Boe/d (oil: 68,000-76,000 Bbls/d)",Permian | Williston | Appalachia | Uinta,Drakkar intelligence platform | upsized completion designs | refrac execution,"Non-operator model means NOG does not control completions directly. Noted operators deferred completions due to commodity pricing in Q4. Uinta Basin benefited from upsized completion designs driving 18.5% sequential volume growth. Williston showed improved refrac execution. Q4 capital allocation: 44% Permian, 26% Williston, 8% Uinta, 22% Appalachian.",,Q4 recycle ratio of 1.8x. LOE expected $9.45-$10.10/Boe. Full-year D&C capital ~$1B. 24.2 net wells added to production in Q4. Every $5/bbl oil increase adds $100-150M cash flow.,We pushed and preserved high-value development for a higher price environment.,Search summary
OXY,Occidental Petroleum,E&P Operator,Q4 2025,Low,"Large Permian operator but earnings focus on carbon management (1PointFive) and production, not completions tech.","Occidental is executing a lower-capital 2026 program ($5.5-5.9B) following OxyChem sale proceeds used for aggressive deleveraging. Record 2025 production of 1.4M BOE/d. Targeting ~7% lower well costs, 5% lower facility costs, 4% domestic opex reduction. 70% of O&G capex directed to US onshore. Stratos DAC Phase I expected online Q2 2026.",$5.5-5.9B total 2026 (down $550M from 2025 ex-OxyChem),,Permian Basin (primary) | Gulf of America | Permian EOR | International,Lightweight proppant | EOR technology (Permian CO2 EOR) | Stratos direct air capture (CCS) | Organic reserves replacement ratio: 107%,Summary-level only — 7% lower well costs and 5% lower facility costs indicate completions efficiency improvements but no specific technology details disclosed. 70% US onshore focus with $400M reduction in US onshore spend versus 2025 due to efficiency gains.,Berkshire Hathaway,,"Despite oil prices being down about 14% from 2024, Occidental generated $4.3 billion in free cash flow before working capital — a testament to our cost discipline and operational execution.",
PAM,Pampa Energia S.A.,International,Q4 2025,Low,"Pampa Energia is actively developing Vaca Muerta shale but earnings discussions focus on production targets, infrastructure investment, and financial metrics. No completions technology specifics, frac diagnostics, CLF, or acoustic monitoring mentioned in available call summaries. Company is in development ramp-up phase which could create future opportunity.","Pampa Energia's Q4 2025 earnings were released March 2, 2026; full transcript details not yet widely indexed. Based on Q3 2025 data, the company reported adjusted EBITDA of $322 million (+16% YoY), achieved all-time high gas production of ~18 million cubic meters/day, and was targeting oil production of 18,000-19,000 bbl/d exit rate for Q4 2025 at Rincon de Aranda. The company is investing $800 million in Rincon de Aranda in 2025 alone as part of a $1.5 billion plan through 2027.","$800 million allocated to Rincon de Aranda block in 2025; total $1.5 billion investment plan for Rincon de Aranda through 2027. $426 million oil and gas treatment plant at Rincon de Aranda under construction, expected operational in 2026. Company anticipated negative free cash flow in both 2025 and 2026 due to high capex cycle.","Oil: targeting 18,000-19,000 bbl/d exit rate Q4 2025 (Rincon de Aranda as main driver); target of 45,000 bbl/d by 2027. Gas: all-time high of ~18 mmcm/d as of Q3 2025. Full year 2025 Q4 results and 2026 guidance expected with March 2, 2026 earnings release.",Vaca Muerta | Rincon de Aranda block | Sierra Chata block | El Mangrullo block,Oil and gas treatment plant | Vaca Muerta Oil Sur pipeline | Shale well testing at Rincon de Aranda,"Vaca Muerta shale completions are central to Pampa's growth strategy, particularly at Rincon de Aranda. The company is scaling from exploration/appraisal to full development mode with a major treatment plant investment. No specific completions technology, CLF, or frac diagnostics mentioned in available earnings summaries.",,Adjusted EBITDA +16% YoY in Q3 2025 to $322M. Net leverage ratio 1.1x post-Q3 2025. Cash position ~$920 million. Certified shale reserves surged 60% in 2024 to 132 mboe (57% of P1 reserves). Gas production grew 21% YoY in 2024.,"Q3 2025: Management guidance for Q4 2025 oil production was 'between 18,000 and 19,000 barrels per day, with the main driver being Rincon de Aranda.' Company targeting 45,000 bbl/d by 2027.",Search summary
PD,Precision Drilling Corporation,OFS-Drilling,Q4 2025,Low,"Precision Drilling is a drilling contractor, not a completions or frac services company. They wound down U.S. completion operations and their technology focus is on drilling automation (Alpha system) and rig performance, not frac optimization or diagnostics.","Precision Drilling is focused on free cash flow generation and shareholder returns while pursuing international expansion (Saudi Arabia, Kuwait, Argentina MOU). The company is leveraging its Super Triple and Super Single fleet alongside digital technology and Alpha automation to drive rig displacement opportunities in North America.","CAD $245 million for 2026 (CAD $182M sustaining/infrastructure, CAD $63M upgrades)",N/A (drilling services company),Western Canada | Permian | Marcellus | Haynesville,Alpha automation system | Super Triple rigs | Super Single rigs | Tele-Double rigs | digital technology,"Precision's completion and production segment posted CAD $17M adjusted EBITDA. The company wound down U.S. completion operations in Q2 2025 but maintains Canadian well servicing. Core focus is drilling services, not completions.",San Antonio International,"Canada daily operating margins CAD $14,132/day. U.S. daily operating margins $8,754/day. International day rates $53,505/day (up 8% YoY). Peak Canadian rig count of 87 rigs in Q1 2026.",At least half of expected U.S. growth would likely come from displacements rather than customers adding incremental rigs.,Full transcript
REI,Ring Energy,Operator - Small Permian,"Q4 2024 (NOTE: File contains Q4 2024 data, not Q4 2025)",Low,Small Permian operator. Non-operated model limits completions technology visibility.,"FILE NOTE: REI.txt contains a Zacks Q4 2024 earnings miss summary (March 2025 publication), not a Q4 2025 transcript. Ring Energy missed Q4 2024 EPS ($0.06 vs $0.08 est) and revenues ($83.44M vs est, down from $99.94M YoY). No completions technology or service strategy detail available from this summary article.",Not available from this summary,,Permian | DJ Basin,Non-operated model,Not discussed in this earnings miss summary,,,"Missed Q4 2024 EPS by 25%, revenues down from $99.94M to $83.44M year-over-year",
RES,"RPC, Inc.",OFS-Pumper,Q4 2025,Low,"RPC is a direct OFS pumping competitor space - they are a potential customer channel partner or competitive reference, not an end-user. No mentions of CLF, acoustic sensing, real-time frac monitoring, or frac diagnostics on the call. Idled fleets and margin pressure indicate a distressed pumping market, not an expansionary environment for new frac technology adoption.","RPC reported a challenging Q4 2025 with revenue down 5% sequentially and pressure pumping revenue down 6%, driven by December holiday shutdowns and an idled fleet. Management is deliberately pivoting toward less capital-intensive service lines organically and via acquisitions, holding idled frac fleets offline until returns improve, while investing selectively in technology differentiation including natural gas frac pumps and Thru Tubing Solutions.",$150-$180 million for 2026 (includes ~$15M of delayed 2025 projects); will flex with activity levels,N/A - OFS company,Permian Basin,natural gas frac pump (100% natural gas) | Thru Tubing Solutions | A-10 downhole motor | Metal Max power section | UnPlug technology,"Pressure pumping fleet partially idled with no reactivation timeline until returns improve. Pivoting strategically toward less capital-intensive service lines. Evaluating 100% natural gas frac pump technology. Bright spots in Spinnaker Cementing Solutions, Cudd Pressure Control, snubbing, and well control.",,"Adjusted EBITDA $55.1M (down ~19% sequentially); EBITDA margin 12.9% (down 230bps); free cash flow $52.9M full-year 2025; $210M cash, zero revolver borrowings",The returns just need to improve.,Search summary
SEI,"Solaris Energy Infrastructure, Inc.",OFS-Power/Equipment,Q4 2025,Low,"Solaris has effectively exited the completions-adjacent oilfield services space and is now focused on power generation for AI data centers. No mentions of frac technology, completions, or well optimization. Their legacy logistics business is in wind-down mode relative to the power pivot.","Solaris is executing a strategic pivot from oilfield logistics to behind-the-meter power solutions for AI data centers, with Power Solutions now representing ~70% of earnings and targeting 90%. The company signed a landmark 10-year, 500+ MW contract with an investment-grade global technology company and plans to scale its operated fleet to 2,200 MW by early 2028, projecting $700M-$750M Adjusted EBITDA at full deployment.","$770M for 2026 (consolidated, including power fleet expansion; $647M remaining in 2025, $230M in 2027, $150M in 2028)",N/A,ERCOT (Texas) | Permian Basin,behind-the-meter power generation | natural gas turbine generation | battery storage systems | voltage distribution and control | balance-of-plant equipment,No completions strategy; Solaris has fully pivoted from oilfield services toward power infrastructure for data centers. Legacy Logistics Solutions segment (proppant/last-mile) still contributes $80M+ free cash flow but is no longer the growth focus.,Stateline Power LLC | HVMVLV (acquired),"Q4 2025 revenue $180M (up 8% sequentially). FY2025 revenue ~$622M (up 99% YoY). Adjusted EBITDA $71M in Q4. ~780 MW deployed. Logistics segment $80M+ free cash flow in 2025. At 2,200 MW target: $700M-$750M consolidated EBITDA projected.","The four largest global technology companies have recently guided to combined capital expenditures exceeding $600 billion in 2026, roughly a 70% increase from 2025 levels.",Search summary
SHEL,Shell plc,Major,Q4 2025,Low,"Supermajor focused on LNG, deepwater, and energy transition. No onshore completions discussion.","Shell delivered $5.1B in structural cost reductions by end-2025 (three years ahead of deadline), with 60% from operational efficiencies, while reporting $18.5B adjusted earnings and $26B+ free cash flow despite lower oil prices. Management committed to 17 consecutive quarters of $3B+ buybacks and a 4% dividend increase, while pursuing LNG growth (11% sales increase) and deepwater expansions in GoM, Brazil, and Nigeria. CEO cited AI as a key near-term opportunity for further performance improvement.",$20-22B cash CapEx maintained; >1 MMboe/d peak production additions by 2030,,Gulf of Mexico | LNG Global,AI methane detection | Carbon capture,Focus on deepwater and LNG; North Sea conventional; no shale completions detail provided,Pavilion Energy,,We entered 2026 as a more resilient organization with lower costs,
TTE,TotalEnergies SE,Major,Q4 2025,Low,"Supermajor with diversified global portfolio. No discussion of completions technology, frac optimization, or real-time monitoring for US shale operations. Focus is on mega-project startups, LNG, and integrated power rather than completions efficiency. US shale is a small part of overall portfolio.","TotalEnergies is pursuing integrated energy growth across oil, gas, and electricity, targeting 5% total energy production growth and 3% oil/gas production growth in 2026. The company is implementing a $12.5B cash-savings plan over 2026-2030 while maintaining upstream costs below $5/boe and achieving the best ROACE among majors for four consecutive years.","~$15B net investments (including ~$3B low-carbon, ~$4B with EPH equivalent)",Oil & gas production growth of 3% in 2026; total energy production growth of 5%,Eagle Ford | Anadarko Basin | Global deepwater | Middle East,,"No specific completions or frac technology discussed. US shale activities mentioned only at portfolio level (Eagle Ford interests, Anadarko Basin gas acquisition). Focus is on major project startups (Ballymore US GoM, Mero-4 Brazil, Rio Grande LNG) rather than shale completions optimization. Noted US shale oil production is sensitive to oil price with limited non-OPEC growth expected from 2027.",,"Upstream production costs maintained below $5/boe. ROACE 12.6%, best among majors for 4th consecutive year. Cash flow $27.8B on $15.6B adjusted net income. Downstream operating income up 26% in Q4. Targeting $2.5B in savings for 2026 as part of $12.5B 2026-2030 plan.","Return on average capital employed stood at 12.6%, the best among the majors for the fourth consecutive year.",Search summary
VIST,Vista Energy,International,Q4 2025,Low,"Vaca Muerta operator ramping unconventional completions, but no CLF or advanced frac tech discussion.",Vista Energy is a Vaca Muerta pure-play focused on unconventional shale oil development in Argentina. Growing production through horizontal drilling and multi-stage completions.,N/A,,Vaca Muerta,Horizontal drilling | Multi-stage completions,Expanding Vaca Muerta operations with increasing lateral lengths and stage counts.,,,N/A - wrong company in file,Limited data
WHD,"Cactus, Inc.",OFS-Equipment,Q4 2025,Low,"Wellhead/pressure control equipment and spoolable pipe manufacturer. No completions technology, frac diagnostics, or real-time monitoring overlap with Seismos CLF capabilities.","Cactus finished 2025 with $261M revenue and 32.7% adjusted EBITDA margins. The transformative event was closing the $344.5M acquisition of 65% of Baker Hughes's Surface Pressure Control business (Cactus International) on Jan 1, 2026, providing immediate international scale with a $550M backlog. The company is pursuing geographic diversification into Middle East, Sub-Saharan Africa, and Far East markets.",$40M-$50M net capex for 2026 including Cactus International investments,N/A,U.S. Land | Middle East | Sub-Saharan Africa | Far East,Spoolable Technologies | Pressure Control | new SKUs in Spoolable Technologies | pilot programs Middle East,Indirect completions exposure through wellhead and pressure control equipment used during completions operations. Spoolable Technologies segment provides composite pipes used in production. No direct frac monitoring or diagnostics technology.,Baker Hughes,32.7% adjusted EBITDA margin; Pressure Control margins up 90bps sequentially; cash balance $495M; $10M annualized synergy target from Cactus International within year one,I am pleased with the way our business finished the year in 2025. Fourth quarter margins were strong in both segments.,Search summary
XOM,ExxonMobil,E&P Operator — Supermajor,Q4 2025,Low,Largest Permian producer. Corporate-level earnings do not discuss completions technology specifics.,ExxonMobil delivered record Permian production of 1.8M BOE/d in Q4 and 4.7M BOE/d company-wide. Lightweight proppant deployed in 25% of wells with target of 50%. 40+ stackable technologies in testing and deployment across the Permian. Cube development focus. Enterprise ERP/AI overhaul underway to enable broader data-driven decision making. Data center and CCS conversations emerging.,Not specified in summary; Permian targeting 200 kboe/d annual production growth,,Permian Basin | Gulf of Mexico | Guyana | International,Lightweight proppant | 40+ stackable completion/drilling | Cube development | Enterprise ERP overhaul for AI adoption | Data center partnerships (emerging),"ExxonMobil's Permian completions focus is on cube development and stackable technology deployment (40+ technologies across proppant, fluid, stage design, lateral length). Lightweight proppant is the most specific technology cited. Scale of operations (1.8M BOE/d Permian) means even incremental efficiency gains from better completions diagnostics would be commercially significant. No CLF, acoustic, or real-time frac diagnostics mentioned.",Implied: major completion,,"We have more than 40 stackable technologies in testing and active deployment in the Permian, including lightweight proppant now in 25% of our wells with a path to 50%.",
XPRO,Expro Group Holdings,OFS - Completions/Well Services (International/Offshore),Q4 2025,Low,International/offshore well services. XRD Surge Tool is downhole but not frac monitoring.,"Expro delivered $1.6B revenue and 22% EBITDA margins in 2025, driven by international/offshore completions, well flow management, and subsea services - with free cash flow more than doubling to $127M. Strategy focuses on expanding wallet share through technology cross-selling (Coretrax acquisition now deployed in 31 countries), margin expansion via DRIVE25 cost initiative, and targeted M&A. Secured a landmark 4-year $380M North Africa production optimization contract.",2026 CapEx similar to 2025 levels; EBITDA guidance $365M midpoint with margin expansion target toward 25%,,International | Middle East,XRD Surge Tool | Downhole technology,"Full well lifecycle model: well construction (TRS + cementation + Coretrax tools), well flow management (testing/sampling/DST), subsea well access, and well intervention/production optimization. Cross-selling incremental services to existing rig crews to expand wallet share.",Coretrax (acquired 2024 | now in 31 countries),,CaTS ATX enabled real-time wireless downhole data during drill stem testing in Indonesia,
YPF,YPF Sociedad Anonima,International,Q4 2025,Low,"YPF's earnings calls focus on drilling speed, stage count, and lifting cost metrics but do not mention CLF, acoustic/seismic frac monitoring, or real-time frac diagnostics. Vaca Muerta completions are high volume but discussed in aggregate efficiency terms without specific diagnostic technology callouts.","YPF reported Q4 2025 results on February 27, 2026, posting a net EPS loss of -$1.67 vs. $0.59 consensus estimate (missed by 383%), with higher EBITDA offset by softer output and prices. The company is executing its 4x4 plan to become a pure-shale operator in Vaca Muerta, divesting 49 mature conventional blocks and targeting shale oil production of ~215,000 bbl/d in 2026 and ~290,000 bbl/d by 2027. Argentina LNG FID was expected in Q1 2026 with Eni and ADNOC as partners.",$5.2 billion for 2025 (with Brent at $72/bbl); ~70% directed to unconventional/shale. Management noted Q4 2025 capex came in slightly below full-year guidance. 2026 capex expected to remain elevated to support VMOS pipeline and shale ramp.,"2025 shale oil target ~190,000 bbl/d (exit rate); 2026 target ~215,000-250,000 bbl/d; 2027 target ~290,000 bbl/d. October 2025 preliminary production reached all-time high of 190,000 bbl/d. Q4 2025 results showed softer-than-expected output per headline reporting.",Vaca Muerta,Longest well in Vaca Muerta history | Record drilling speed: 331 m/day | 259 frac stages per set per month | Solvent-assisted completions tested | VMOS oil pipeline,"Aggressive stage count optimization with 259 frac stages per set per month, approaching annual target of 260. Drilled record 4,000m horizontal well in 15 days at La Malga Chica. Completions activity represents majority of unconventional investment. Service cost negotiations with providers ongoing to reduce unit costs. No specific CLF or real-time frac monitoring technology mentioned.",No specific service providers,Lifting cost reduced 28% QoQ and 45% YoY in Q3 2025 to ~$9/boe; target of $5/boe. Drilling speed 331 m/day. Frac: 259 stages per set per month. Shale oil production +55% vs 2023 levels as of Q3 2025.,"CEO Horacio Marin: 'You have to expect 2026 a very clean year of the results.' YPF also stated it 'nearly tripled oil export revenues' and is confident in achieving 180,000 bbl/d target by Q4 2026.",Search summary
